action	min_reward	mean_reward	max_reward
0	0.0	1.2077541329248582	6.564312482579681
1	0.0	0.3294360907704321	1.5920279399393187
2	0.0	0.16223190247971794	0.9578419522589532
