action	min_reward	mean_reward	max_reward
0	0.0	1.21778339359878	6.564312482579681
1	0.0	0.30605038823343633	1.1165947938970948
2	0.0	0.14964351405679072	0.9578419522589532
