strategy	regret
uniform	641.2800908665222
just-0	0.0
just-1	878.318042154426
just-2	1045.5222304451404
actual	90.42049281217967
