strategy	regret
uniform	659.9576283024443
just-0	0.0
just-1	911.7330053653437
just-2	1068.1398795419893
actual	79.1949153962932
