strategy	regret
uniform	688.536220089876
just-0	0.0
just-1	949.5527593628221
just-2	1116.0559009068063
actual	405.70991799240784
